INSERT INTO `Album` (`id`, `title`, `artist_id`, `cat_id`, `thumbnail`, `slug`, `madedate`) VALUES
(1, 'Tuyển tập những bài hát hay nhất của Masta Trippy', 8, NULL, '16342898233381753.1189295976471.jpg', 'tuyen-tap-nhung-bai-hat-hay-nhat-cua-masta-trippy-30', '2021-10-14 09:48:52'),
(2, 'Tuyển tập những bài hát hay nhất của Ti Ti', 10, NULL, 'defaultalbum.jpg', 'tuyen-tap-nhung-bai-hat-hay-nhat-cua-ti-ti-43', '2021-10-14 09:48:52'),
(3, 'Tuyển tập những bài hát hay nhất của Osad', 2, NULL, 'defaultalbum.jpg', 'tuyen-tap-nhung-bai-hat-hay-nhat-cua-osad-15', '2021-10-14 09:48:52'),
(4, 'Tuyển tập những bài hát hay nhất của Monstar', 7, NULL, 'defaultalbum.jpg', 'tuyen-tap-nhung-bai-hat-hay-nhat-cua-monstar-28', '2021-10-14 09:48:52'),
(5, 'Tuyển tập những bài hát hay nhất của Jokes Bii', 12, NULL, 'defaultalbum.jpg', 'tuyen-tap-nhung-bai-hat-hay-nhat-cua-jokes-bii-33', '2021-10-14 09:48:52'),
(6, 'Tuyển tập những bài hát hay nhất của Kim Petras', 6, NULL, 'defaultalbum.jpg', 'tuyen-tap-nhung-bai-hat-hay-nhat-cua-kim-petras-24', '2021-10-14 09:48:52'),
(7, 'Tuyển tập những bài hát hay nhất của Phạm Đình Thái Ngân', 1, NULL, 'defaultalbum.jpg', 'tuyen-tap-nhung-bai-hat-hay-nhat-cua-pham-dinh-thai-ngan-990', '2021-10-14 09:48:52'),
(8, 'Tuyển tập những bài hát hay nhất của Bùi Trường Linh', 11, NULL, 'defaultalbum.jpg', 'tuyen-tap-nhung-bai-hat-hay-nhat-cua-bui-truong-linh-7', '2021-10-14 09:48:52'),
(9, 'Tuyển tập những bài hát hay nhất của Sting', 4, NULL, 'defaultalbum.jpg', 'tuyen-tap-nhung-bai-hat-hay-nhat-cua-sting-22', '2021-10-14 09:48:52'),
(10, 'Tuyển tập những bài hát hay nhất của Masew', 3, NULL, 'defaultalbum.jpg', 'tuyen-tap-nhung-bai-hat-hay-nhat-cua-masew-19', '2021-10-14 09:48:52'),
(11, 'Tuyển tập những bài hát hay nhất của Jun Phạm', 9, NULL, 'defaultalbum.jpg', 'tuyen-tap-nhung-bai-hat-hay-nhat-cua-jun-pham-46', '2021-10-14 09:48:52'),
(12, 'Tuyển tập những bài hát hay nhất của Anh Rồng', 5, NULL, 'defaultalbum.jpg', 'tuyen-tap-nhung-bai-hat-hay-nhat-cua-anh-rong-49', '2021-10-14 09:48:52'),
(13, 'Tuyển tập những bài hát hay nhất của Diana Ross', 13, NULL, 'defaultalbum.jpg', 'tuyen-tap-nhung-bai-hat-hay-nhat-cua-diana-ross-52', '2021-10-14 09:48:52'),
(14, 'Tuyển tập những bài hát hay nhất của Nqp', 14, NULL, 'defaultalbum.jpg', 'tuyen-tap-nhung-bai-hat-hay-nhat-cua-nqp-54', '2021-10-14 09:48:52'),
(15, 'Tuyển tập những bài hát hay nhất của Mark', 15, NULL, 'defaultalbum.jpg', 'tuyen-tap-nhung-bai-hat-hay-nhat-cua-mark-56', '2021-10-14 09:48:52'),
(16, 'Tuyển tập những bài hát hay nhất của Gemini Band', 16, NULL, 'defaultalbum.jpg', 'tuyen-tap-nhung-bai-hat-hay-nhat-cua-gemini-band-59', '2021-10-14 09:48:52'),
(17, 'Tuyển tập những bài hát hay nhất của Hàn Thái Tú', 17, NULL, 'defaultalbum.jpg', 'tuyen-tap-nhung-bai-hat-hay-nhat-cua-han-thai-tu-62', '2021-10-14 09:48:52'),
(18, 'Tuyển tập những bài hát hay nhất của Đình Dũng', 18, NULL, 'defaultalbum.jpg', 'tuyen-tap-nhung-bai-hat-hay-nhat-cua-dinh-dung-64', '2021-10-14 09:48:52'),
(19, 'Tuyển tập những bài hát hay nhất của Trung Quân', 19, NULL, 'defaultalbum.jpg', 'tuyen-tap-nhung-bai-hat-hay-nhat-cua-trung-quan-69', '2021-10-14 09:48:52'),
(20, 'Tuyển tập những bài hát hay nhất của Đàm Vĩnh Hưng', 20, NULL, 'defaultalbum.jpg', 'tuyen-tap-nhung-bai-hat-hay-nhat-cua-dam-vinh-hung-77', '2021-10-14 09:48:52'),
(21, 'Tuyển tập những bài hát hay nhất của Dee.a', 21, NULL, 'defaultalbum.jpg', 'tuyen-tap-nhung-bai-hat-hay-nhat-cua-deea-80', '2021-10-14 09:48:52'),
(22, 'Tuyển tập những bài hát hay nhất của The Kid Laroi', 22, NULL, 'defaultalbum.jpg', 'tuyen-tap-nhung-bai-hat-hay-nhat-cua-the-kid-laroi-82', '2021-10-14 09:48:52'),
(23, 'Tuyển tập những bài hát hay nhất của Lý Tuấn Kiệt', 23, NULL, 'defaultalbum.jpg', 'tuyen-tap-nhung-bai-hat-hay-nhat-cua-ly-tuan-kiet-274', '2021-10-14 09:48:52'),
(24, 'Tuyển tập những bài hát hay nhất của Nal', 24, NULL, 'defaultalbum.jpg', 'tuyen-tap-nhung-bai-hat-hay-nhat-cua-nal-276', '2021-10-14 09:48:52'),
(25, 'Tuyển tập những bài hát hay nhất của T.r.i', 25, NULL, 'defaultalbum.jpg', 'tuyen-tap-nhung-bai-hat-hay-nhat-cua-tri-277', '2021-10-14 09:48:52'),
(26, 'Tuyển tập những bài hát hay nhất của Phí Phương Anh', 26, NULL, 'defaultalbum.jpg', 'tuyen-tap-nhung-bai-hat-hay-nhat-cua-phi-phuong-anh-279', '2021-10-14 09:48:52'),
(27, 'Tuyển tập những bài hát hay nhất của T00n', 27, NULL, 'defaultalbum.jpg', 'tuyen-tap-nhung-bai-hat-hay-nhat-cua-t00n-296', '2021-10-14 09:48:52'),
(28, 'Tuyển tập những bài hát hay nhất của Nguyễn Đình Vũ', 28, NULL, 'defaultalbum.jpg', 'tuyen-tap-nhung-bai-hat-hay-nhat-cua-nguyen-dinh-vu-298', '2021-10-14 09:48:52'),
(29, 'Tuyển tập những bài hát hay nhất của Bạc Cầm Diễm My', 29, NULL, 'defaultalbum.jpg', 'tuyen-tap-nhung-bai-hat-hay-nhat-cua-bac-cam-diem-my-302', '2021-10-14 09:48:52'),
(30, 'Tuyển tập những bài hát hay nhất của Quang Hùng Masterd', 30, NULL, 'defaultalbum.jpg', 'tuyen-tap-nhung-bai-hat-hay-nhat-cua-quang-hung-masterd-305', '2021-10-14 09:48:52'),
(31, 'Tuyển tập những bài hát hay nhất của Hoàng Yến Chibi', 31, NULL, 'defaultalbum.jpg', 'tuyen-tap-nhung-bai-hat-hay-nhat-cua-hoang-yen-chibi-307', '2021-10-14 09:48:52'),
(32, 'Tuyển tập những bài hát hay nhất của Khải', 33, NULL, 'defaultalbum.jpg', 'tuyen-tap-nhung-bai-hat-hay-nhat-cua-khai-310', '2021-10-14 09:48:52'),
(33, 'Tuyển tập những bài hát hay nhất của Anh Tú Atus', 34, NULL, 'defaultalbum.jpg', 'tuyen-tap-nhung-bai-hat-hay-nhat-cua-anh-tu-atus-311', '2021-10-14 09:48:52'),
(34, 'Tuyển tập những bài hát hay nhất của Woni', 35, NULL, 'defaultalbum.jpg', 'tuyen-tap-nhung-bai-hat-hay-nhat-cua-woni-312', '2021-10-14 09:48:52'),
(35, 'Tuyển tập những bài hát hay nhất của Yang Vy', 36, NULL, 'defaultalbum.jpg', 'tuyen-tap-nhung-bai-hat-hay-nhat-cua-yang-vy-313', '2021-10-14 09:48:52'),
(36, 'Tuyển tập những bài hát hay nhất của Ed Sheeran', 37, NULL, 'defaultalbum.jpg', 'tuyen-tap-nhung-bai-hat-hay-nhat-cua-ed-sheeran-314', '2021-10-14 09:48:52'),
(37, 'Tuyển tập những bài hát hay nhất của Erik', 38, NULL, 'defaultalbum.jpg', 'tuyen-tap-nhung-bai-hat-hay-nhat-cua-erik-316', '2021-10-14 09:48:52'),
(38, 'Tuyển tập những bài hát hay nhất của Cashmel', 32, NULL, 'defaultalbum.jpg', 'tuyen-tap-nhung-bai-hat-hay-nhat-cua-cashmel-319', '2021-10-14 09:48:52'),
(39, 'Tuyển tập những bài hát hay nhất của Wxrdie', 39, NULL, 'defaultalbum.jpg', 'tuyen-tap-nhung-bai-hat-hay-nhat-cua-wxrdie-321', '2021-10-14 09:48:52'),
(40, 'Tuyển tập những bài hát hay nhất của Dick', 40, NULL, 'defaultalbum.jpg', 'tuyen-tap-nhung-bai-hat-hay-nhat-cua-dick-324', '2021-10-14 09:48:52'),
(41, 'Tuyển tập những bài hát hay nhất của Phan Mạnh Quỳnh', 42, NULL, 'defaultalbum.jpg', 'tuyen-tap-nhung-bai-hat-hay-nhat-cua-phan-manh-quynh-328', '2021-10-14 09:48:52'),
(42, 'Tuyển tập những bài hát hay nhất của Huy Luân', 41, NULL, 'defaultalbum.jpg', 'tuyen-tap-nhung-bai-hat-hay-nhat-cua-huy-luan-326', '2021-10-14 09:48:52'),
(43, 'Tuyển tập những bài hát hay nhất của Machiot', 43, NULL, 'defaultalbum.jpg', 'tuyen-tap-nhung-bai-hat-hay-nhat-cua-machiot-330', '2021-10-14 09:48:52'),
(44, 'Tuyển tập những bài hát hay nhất của Lê Thiện Hiếu', 44, NULL, 'defaultalbum.jpg', 'tuyen-tap-nhung-bai-hat-hay-nhat-cua-le-thien-hieu-331', '2021-10-14 09:48:52'),
(45, 'Tuyển tập những bài hát hay nhất của Hồ Văn Quý', 45, NULL, 'defaultalbum.jpg', 'tuyen-tap-nhung-bai-hat-hay-nhat-cua-ho-van-quy-468', '2021-10-14 09:48:52'),
(46, 'Tuyển tập những bài hát hay nhất của Shawn Mendes', 46, NULL, 'defaultalbum.jpg', 'tuyen-tap-nhung-bai-hat-hay-nhat-cua-shawn-mendes-470', '2021-10-14 09:48:52'),
(47, 'Tuyển tập những bài hát hay nhất của Masiu', 47, NULL, 'defaultalbum.jpg', 'tuyen-tap-nhung-bai-hat-hay-nhat-cua-masiu-471', '2021-10-14 09:48:52'),
(48, 'Tuyển tập những bài hát hay nhất của Elton John', 49, NULL, 'defaultalbum.jpg', 'tuyen-tap-nhung-bai-hat-hay-nhat-cua-elton-john-476', '2021-10-14 09:48:52'),
(49, 'Tuyển tập những bài hát hay nhất của Stray Kids', 50, NULL, 'defaultalbum.jpg', 'tuyen-tap-nhung-bai-hat-hay-nhat-cua-stray-kids-481', '2021-10-14 09:48:52'),
(50, 'Tuyển tập những bài hát hay nhất của Onerepublic', 51, NULL, 'defaultalbum.jpg', 'tuyen-tap-nhung-bai-hat-hay-nhat-cua-onerepublic-482', '2021-10-14 09:48:52'),
(51, 'Tuyển tập những bài hát hay nhất của Skrillex', 48, NULL, 'defaultalbum.jpg', 'tuyen-tap-nhung-bai-hat-hay-nhat-cua-skrillex-484', '2021-10-14 09:48:52'),
(52, 'Tuyển tập những bài hát hay nhất của Mc Goku', 52, NULL, 'defaultalbum.jpg', 'tuyen-tap-nhung-bai-hat-hay-nhat-cua-mc-goku-486', '2021-10-14 09:48:52'),
(53, 'Tuyển tập những bài hát hay nhất của Little Mix', 53, NULL, 'defaultalbum.jpg', 'tuyen-tap-nhung-bai-hat-hay-nhat-cua-little-mix-488', '2021-10-14 09:48:52'),
(54, 'Tuyển tập những bài hát hay nhất của Txt (tomorrow X Together)', 54, NULL, 'defaultalbum.jpg', 'tuyen-tap-nhung-bai-hat-hay-nhat-cua-txt-tomorrow-x-together-490', '2021-10-14 09:48:52'),
(55, 'Tuyển tập những bài hát hay nhất của Lorde', 55, NULL, 'defaultalbum.jpg', 'tuyen-tap-nhung-bai-hat-hay-nhat-cua-lorde-493', '2021-10-14 09:48:52'),
(56, 'Tuyển tập những bài hát hay nhất của Billie Eilish', 56, NULL, 'defaultalbum.jpg', 'tuyen-tap-nhung-bai-hat-hay-nhat-cua-billie-eilish-495', '2021-10-14 09:48:52'),
(57, 'Tuyển tập những bài hát hay nhất của Blackbear', 57, NULL, 'defaultalbum.jpg', 'tuyen-tap-nhung-bai-hat-hay-nhat-cua-blackbear-498', '2021-10-14 09:48:52'),
(58, 'Tuyển tập những bài hát hay nhất của Khánh Juno', 58, NULL, 'defaultalbum.jpg', 'tuyen-tap-nhung-bai-hat-hay-nhat-cua-khanh-juno-502', '2021-10-14 09:48:52'),
(59, 'Tuyển tập những bài hát hay nhất của Halsey', 59, NULL, 'defaultalbum.jpg', 'tuyen-tap-nhung-bai-hat-hay-nhat-cua-halsey-513', '2021-10-14 09:48:52'),
(60, 'Tuyển tập những bài hát hay nhất của The Weeknd', 60, NULL, 'defaultalbum.jpg', 'tuyen-tap-nhung-bai-hat-hay-nhat-cua-the-weeknd-515', '2021-10-14 09:48:52'),
(61, 'Tuyển tập những bài hát hay nhất của Lil Shady', 62, NULL, 'defaultalbum.jpg', 'tuyen-tap-nhung-bai-hat-hay-nhat-cua-lil-shady-519', '2021-10-14 09:48:52'),
(62, 'Tuyển tập những bài hát hay nhất của Jombie', 63, NULL, 'defaultalbum.jpg', 'tuyen-tap-nhung-bai-hat-hay-nhat-cua-jombie-860', '2021-10-14 09:48:52'),
(63, 'Tuyển tập những bài hát hay nhất của Dilan Vũ', 64, NULL, 'defaultalbum.jpg', 'tuyen-tap-nhung-bai-hat-hay-nhat-cua-dilan-vu-863', '2021-10-14 09:48:52'),
(64, 'Tuyển tập những bài hát hay nhất của Jackson Wang (vương Gia Nhĩ)', 65, NULL, 'defaultalbum.jpg', 'tuyen-tap-nhung-bai-hat-hay-nhat-cua-jackson-wang-vuong-gia-nhi-864', '2021-10-14 09:48:52'),
(65, 'Tuyển tập những bài hát hay nhất của Phương Np', 67, NULL, 'defaultalbum.jpg', 'tuyen-tap-nhung-bai-hat-hay-nhat-cua-phuong-np-868', '2021-10-14 09:48:52'),
(66, 'Tuyển tập những bài hát hay nhất của Hương Ly', 61, NULL, 'defaultalbum.jpg', 'tuyen-tap-nhung-bai-hat-hay-nhat-cua-huong-ly-875', '2021-10-14 09:48:52'),
(67, 'Tuyển tập những bài hát hay nhất của Duongg', 68, NULL, 'defaultalbum.jpg', 'tuyen-tap-nhung-bai-hat-hay-nhat-cua-duongg-878', '2021-10-14 09:48:52'),
(68, 'Tuyển tập những bài hát hay nhất của Orange', 69, NULL, 'defaultalbum.jpg', 'tuyen-tap-nhung-bai-hat-hay-nhat-cua-orange-884', '2021-10-14 09:48:52'),
(69, 'Tuyển tập những bài hát hay nhất của Út Nhị', 70, NULL, 'defaultalbum.jpg', 'tuyen-tap-nhung-bai-hat-hay-nhat-cua-ut-nhi-886', '2021-10-14 09:48:52'),
(70, 'Tuyển tập những bài hát hay nhất của Suzu Music', 71, NULL, 'defaultalbum.jpg', 'tuyen-tap-nhung-bai-hat-hay-nhat-cua-suzu-music-891', '2021-10-14 09:48:52'),
(71, 'Tuyển tập những bài hát hay nhất của Đinh Tùng Huy', 66, NULL, 'defaultalbum.jpg', 'tuyen-tap-nhung-bai-hat-hay-nhat-cua-dinh-tung-huy-866', '2021-10-14 09:48:52'),
(72, 'Tuyển tập những bài hát hay nhất của Phát Hồ', 72, NULL, 'defaultalbum.jpg', 'tuyen-tap-nhung-bai-hat-hay-nhat-cua-phat-ho-894', '2021-10-14 09:48:52'),
(73, 'Tuyển tập những bài hát hay nhất của Lê Bảo Bình', 73, NULL, 'defaultalbum.jpg', 'tuyen-tap-nhung-bai-hat-hay-nhat-cua-le-bao-binh-896', '2021-10-14 09:48:52'),
(74, 'Tuyển tập những bài hát hay nhất của Kalee Hoàng', 74, NULL, 'defaultalbum.jpg', 'tuyen-tap-nhung-bai-hat-hay-nhat-cua-kalee-hoang-900', '2021-10-14 09:48:52'),
(75, 'Tuyển tập những bài hát hay nhất của Phúc Bồ', 75, NULL, 'defaultalbum.jpg', 'tuyen-tap-nhung-bai-hat-hay-nhat-cua-phuc-bo-903', '2021-10-14 09:48:52'),
(76, 'Tuyển tập những bài hát hay nhất của Cao Nam Thành', 76, NULL, 'defaultalbum.jpg', 'tuyen-tap-nhung-bai-hat-hay-nhat-cua-cao-nam-thanh-905', '2021-10-14 09:48:52'),
(77, 'Tuyển tập những bài hát hay nhất của Đào Duy Quý', 77, NULL, 'defaultalbum.jpg', 'tuyen-tap-nhung-bai-hat-hay-nhat-cua-dao-duy-quy-910', '2021-10-14 09:48:52'),
(78, 'Tuyển tập những bài hát hay nhất của Vp Bá Vương', 78, NULL, 'defaultalbum.jpg', 'tuyen-tap-nhung-bai-hat-hay-nhat-cua-vp-ba-vuong-913', '2021-10-14 09:48:52'),
(79, 'Tuyển tập những bài hát hay nhất của Bằng Cường', 79, NULL, 'defaultalbum.jpg', 'tuyen-tap-nhung-bai-hat-hay-nhat-cua-bang-cuong-927', '2021-10-14 09:48:52'),
(80, 'Tuyển tập những bài hát hay nhất của Rum', 80, NULL, 'defaultalbum.jpg', 'tuyen-tap-nhung-bai-hat-hay-nhat-cua-rum-928', '2021-10-14 09:48:52'),
(81, 'Tuyển tập những bài hát hay nhất của Danh Zoram', 81, NULL, 'defaultalbum.jpg', 'tuyen-tap-nhung-bai-hat-hay-nhat-cua-danh-zoram-932', '2021-10-14 09:48:52'),
(82, 'Tuyển tập những bài hát hay nhất của H-kray', 82, NULL, 'defaultalbum.jpg', 'tuyen-tap-nhung-bai-hat-hay-nhat-cua-h-kray-934', '2021-10-14 09:48:52'),
(83, 'Tuyển tập những bài hát hay nhất của Tân Trần', 83, NULL, 'defaultalbum.jpg', 'tuyen-tap-nhung-bai-hat-hay-nhat-cua-tan-tran-935', '2021-10-14 09:48:52'),
(84, 'Tuyển tập những bài hát hay nhất của Truzg', 84, NULL, 'defaultalbum.jpg', 'tuyen-tap-nhung-bai-hat-hay-nhat-cua-truzg-937', '2021-10-14 09:48:52'),
(85, 'Tuyển tập những bài hát hay nhất của Phùng Khánh Linh', 85, NULL, 'defaultalbum.jpg', 'tuyen-tap-nhung-bai-hat-hay-nhat-cua-phung-khanh-linh-940', '2021-10-14 09:48:52'),
(86, 'Tuyển tập những bài hát hay nhất của Vương Thiên Tuấn', 86, NULL, 'defaultalbum.jpg', 'tuyen-tap-nhung-bai-hat-hay-nhat-cua-vuong-thien-tuan-942', '2021-10-14 09:48:52'),
(87, 'Tuyển tập những bài hát hay nhất của Chu Bin', 87, NULL, 'defaultalbum.jpg', 'tuyen-tap-nhung-bai-hat-hay-nhat-cua-chu-bin-945', '2021-10-14 09:48:52'),
(88, 'Tuyển tập những bài hát hay nhất của Trương Ngôn', 88, NULL, 'defaultalbum.jpg', 'tuyen-tap-nhung-bai-hat-hay-nhat-cua-truong-ngon-947', '2021-10-14 09:48:52'),
(89, 'Tuyển tập những bài hát hay nhất của Huy Vạc', 89, NULL, 'defaultalbum.jpg', 'tuyen-tap-nhung-bai-hat-hay-nhat-cua-huy-vac-951', '2021-10-14 09:48:52'),
(90, 'Tuyển tập những bài hát hay nhất của Kha', 90, NULL, 'defaultalbum.jpg', 'tuyen-tap-nhung-bai-hat-hay-nhat-cua-kha-952', '2021-10-14 09:48:52'),
(91, 'Tuyển tập những bài hát hay nhất của Duy Khiêm Ngố', 91, NULL, 'defaultalbum.jpg', 'tuyen-tap-nhung-bai-hat-hay-nhat-cua-duy-khiem-ngo-955', '2021-10-14 09:48:52'),
(92, 'Tuyển tập những bài hát hay nhất của Long Hải', 92, NULL, 'defaultalbum.jpg', 'tuyen-tap-nhung-bai-hat-hay-nhat-cua-long-hai-958', '2021-10-14 09:48:52'),
(93, 'Tuyển tập những bài hát hay nhất của Huyền Trang Lux', 93, NULL, 'defaultalbum.jpg', 'tuyen-tap-nhung-bai-hat-hay-nhat-cua-huyen-trang-lux-960', '2021-10-14 09:48:52'),
(94, 'Tuyển tập những bài hát hay nhất của Ken Phạm', 94, NULL, 'defaultalbum.jpg', 'tuyen-tap-nhung-bai-hat-hay-nhat-cua-ken-pham-962', '2021-10-14 09:48:52'),
(95, 'Tuyển tập những bài hát hay nhất của Astro', 95, NULL, 'defaultalbum.jpg', 'tuyen-tap-nhung-bai-hat-hay-nhat-cua-astro-966', '2021-10-14 09:48:52'),
(96, 'Tuyển tập những bài hát hay nhất của Ducloi', 96, NULL, 'defaultalbum.jpg', 'tuyen-tap-nhung-bai-hat-hay-nhat-cua-ducloi-968', '2021-10-14 09:48:52'),
(97, 'Tuyển tập những bài hát hay nhất của Phạm Trưởng', 98, NULL, 'defaultalbum.jpg', 'tuyen-tap-nhung-bai-hat-hay-nhat-cua-pham-truong-970', '2021-10-14 09:48:52'),
(98, 'Tuyển tập những bài hát hay nhất của Thương Võ', 97, NULL, 'defaultalbum.jpg', 'tuyen-tap-nhung-bai-hat-hay-nhat-cua-thuong-vo-975', '2021-10-14 09:48:52'),
(99, 'Tuyển tập những bài hát hay nhất của Tăng Duy Tân', 101, NULL, 'defaultalbum.jpg', 'tuyen-tap-nhung-bai-hat-hay-nhat-cua-tang-duy-tan-977', '2021-10-14 09:48:52'),
(100, 'Tuyển tập những bài hát hay nhất của Jack - J97', 102, NULL, 'defaultalbum.jpg', 'tuyen-tap-nhung-bai-hat-hay-nhat-cua-jack-j97-978', '2021-10-14 09:48:52'),
(102, 'Tuyển tập những bài hát hay nhất của Thanh Hà', 100, NULL, 'defaultalbum.jpg', 'tuyen-tap-nhung-bai-hat-hay-nhat-cua-thanh-ha-984', '2021-10-14 09:48:52'),
(103, 'Tuyển tập Nhạc Bolero', NULL, 1, 'defaultalbum.jpg', 'tuyen-tap-nhac-bolero-231', '2021-10-14 09:48:52'),
(105, 'Tuyển tập Nhạc Rap', NULL, 2, 'defaultalbum.jpg', 'tuyen-tap-nhac-rap-245', '2021-10-14 09:48:52'),
(107, 'Tuyển tập Remix', NULL, 5, 'defaultalbum.jpg', 'tuyen-tap-remix-251', '2021-10-14 09:48:52'),
(108, 'Tuyển tập Nhạc trẻ', NULL, 4, 'defaultalbum.jpg', 'tuyen-tap-nhac-tre-253', '2021-10-14 09:48:52');

-- --------------------------------------------------------

--
-- Table structure for table `artist`
--


--
-- Dumping data for table `artist`
--

INSERT INTO `Artist` (`id`, `title`, `thumbnail`, `slug`, `adddate`) VALUES
(2, 'Osad', '163428967237620177.440500226385.jpg', 'osad-f63bfe605cf4', '2021-10-14 09:49:42'),
(3, 'Masew', '163428693951794442.06733535723.jpg', 'masew-422e1679f8b1', '2021-10-14 09:49:42'),
(4, 'Sting', '163428693951794442.06733535723.jpg', 'sting-597c454d8770', '2021-10-14 09:49:42'),
(5, 'Anh Rồng', '163428693951794442.06733535723.jpg', 'anh-rong-f081c1e1fb1a', '2021-10-14 09:49:42'),
(6, 'Kim Petras', '163428693951794442.06733535723.jpg', 'kim-petras-dd811995080c', '2021-10-14 09:49:42'),
(7, 'Monstar', '163428693951794442.06733535723.jpg', 'monstar-918bd04695f7', '2021-10-14 09:49:42'),
(9, 'Jun Phạm', '163428693951794442.06733535723.jpg', 'jun-pham-3e3bf5537e50', '2021-10-14 09:49:42'),
(10, 'Ti Ti', '163428693951794442.06733535723.jpg', 'ti-ti-13056d72df6c', '2021-10-14 09:49:42'),
(11, 'Bùi Trường Linh', '163428693951794442.06733535723.jpg', 'bui-truong-linh-f82329adb338', '2021-10-14 09:49:42'),
(12, 'Jokes Bii', '163428693951794442.06733535723.jpg', 'jokes-bii-ae385eec3414', '2021-10-14 09:49:42'),
(13, 'Diana Ross', '163428693951794442.06733535723.jpg', 'diana-ross-68166cbd1bf5', '2021-10-14 09:49:42'),
(14, 'Nqp', '163428693951794442.06733535723.jpg', 'nqp-9069a65c1dd0', '2021-10-14 09:49:42'),
(15, 'Mark', '163428693951794442.06733535723.jpg', 'mark-ceb70416494f', '2021-10-14 09:49:42'),
(16, 'Gemini Band', '163428693951794442.06733535723.jpg', 'gemini-band-a4aba8728b95', '2021-10-14 09:49:42'),
(17, 'Hàn Thái Tú', '163428693951794442.06733535723.jpg', 'han-thai-tu-9c44927f3027', '2021-10-14 09:49:42'),
(18, 'Đình Dũng', '163428693951794442.06733535723.jpg', 'dinh-dung-e679ca350545', '2021-10-14 09:49:42'),
(19, 'Trung Quân', '163428693951794442.06733535723.jpg', 'trung-quan-801685b5ec7d', '2021-10-14 09:49:42'),
(20, 'Đàm Vĩnh Hưng', '163428693951794442.06733535723.jpg', 'dam-vinh-hung-cb70ac5a0da3', '2021-10-14 09:49:42'),
(21, 'Dee.a', '163428693951794442.06733535723.jpg', 'deea-ec610388c71b', '2021-10-14 09:49:42'),
(22, 'The Kid Laroi', '163428693951794442.06733535723.jpg', 'the-kid-laroi-ff8fec70d737', '2021-10-14 09:49:42'),
(23, 'Lý Tuấn Kiệt', '163428693951794442.06733535723.jpg', 'ly-tuan-kiet-68ff59c1d97c', '2021-10-14 09:49:42'),
(24, 'Nal', '163428693951794442.06733535723.jpg', 'nal-88704257d87e', '2021-10-14 09:49:42'),
(25, 'T.r.i', '163428693951794442.06733535723.jpg', 'tri-482d647740ea', '2021-10-14 09:49:42'),
(26, 'Phí Phương Anh', '163428693951794442.06733535723.jpg', 'phi-phuong-anh-dcaa12f9a0a2', '2021-10-14 09:49:42'),
(27, 'T00n', '163428693951794442.06733535723.jpg', 't00n-8c0d5cbd5e89', '2021-10-14 09:49:42'),
(28, 'Nguyễn Đình Vũ', '163428693951794442.06733535723.jpg', 'nguyen-dinh-vu-6c497b82bb52', '2021-10-14 09:49:42'),
(29, 'Bạc Cầm Diễm My', '163428693951794442.06733535723.jpg', 'bac-cam-diem-my-9f37dc033cb8', '2021-10-14 09:49:42'),
(30, 'Quang Hùng Masterd', '163428693951794442.06733535723.jpg', 'quang-hung-masterd-927b5f61ad19', '2021-10-14 09:49:42'),
(31, 'Hoàng Yến Chibi', '163428693951794442.06733535723.jpg', 'hoang-yen-chibi-d07f64d76845', '2021-10-14 09:49:42'),
(32, 'Cashmel', '163428693951794442.06733535723.jpg', 'cashmel-c18e48fea741', '2021-10-14 09:49:42'),
(33, 'Khải', '163428693951794442.06733535723.jpg', 'khai-d7d1774a042a', '2021-10-14 09:49:42'),
(34, 'Anh Tú Atus', '163428693951794442.06733535723.jpg', 'anh-tu-atus-0a72b65df637', '2021-10-14 09:49:42'),
(35, 'Woni', '163428693951794442.06733535723.jpg', 'woni-2c66ba0f17c7', '2021-10-14 09:49:42'),
(36, 'Yang Vy', '163428693951794442.06733535723.jpg', 'yang-vy-6c557cf221f9', '2021-10-14 09:49:42'),
(37, 'Ed Sheeran', '163428693951794442.06733535723.jpg', 'ed-sheeran-a542af1adb4d', '2021-10-14 09:49:42'),
(38, 'Erik', '163428693951794442.06733535723.jpg', 'erik-f81199ee24ed', '2021-10-14 09:49:42'),
(39, 'Wxrdie', '163428693951794442.06733535723.jpg', 'wxrdie-e1bbabbae932', '2021-10-14 09:49:42'),
(40, 'Dick', '163428693951794442.06733535723.jpg', 'dick-8d3b83feb4cd', '2021-10-14 09:49:42'),
(41, 'Huy Luân', '163428693951794442.06733535723.jpg', 'huy-luan-ed08cdcd7965', '2021-10-14 09:49:42'),
(42, 'Phan Mạnh Quỳnh', '163428693951794442.06733535723.jpg', 'phan-manh-quynh-9061847c3060', '2021-10-14 09:49:42'),
(43, 'Machiot', '163428693951794442.06733535723.jpg', 'machiot-74f1c5e19c0b', '2021-10-14 09:49:42'),
(44, 'Lê Thiện Hiếu', '163428693951794442.06733535723.jpg', 'le-thien-hieu-56a6a506b6b2', '2021-10-14 09:49:42'),
(45, 'Hồ Văn Quý', '163428693951794442.06733535723.jpg', 'ho-van-quy-a1c024679f0a', '2021-10-14 09:49:42'),
(46, 'Shawn Mendes', '163428693951794442.06733535723.jpg', 'shawn-mendes-db529ee93271', '2021-10-14 09:49:42'),
(47, 'Masiu', '163428693951794442.06733535723.jpg', 'masiu-9caf88757232', '2021-10-14 09:49:42'),
(48, 'Skrillex', '163428693951794442.06733535723.jpg', 'skrillex-cba85fcb973b', '2021-10-14 09:49:42'),
(49, 'Elton John', '163428693951794442.06733535723.jpg', 'elton-john-1edcb45da7ed', '2021-10-14 09:49:42'),
(50, 'Stray Kids', '163428693951794442.06733535723.jpg', 'stray-kids-6a08c8c983f7', '2021-10-14 09:49:42'),
(51, 'Onerepublic', '163428693951794442.06733535723.jpg', 'onerepublic-944126103374', '2021-10-14 09:49:42'),
(52, 'Mc Goku', '163428693951794442.06733535723.jpg', 'mc-goku-6f504f7fb7f5', '2021-10-14 09:49:42'),
(53, 'Little Mix', '163428693951794442.06733535723.jpg', 'little-mix-5cc7ac152729', '2021-10-14 09:49:42'),
(55, 'Lorde', '163428693951794442.06733535723.jpg', 'lorde-8820963db9b9', '2021-10-14 09:49:42'),
(61, 'Hương Ly', '163428693951794442.06733535723.jpg', 'huong-ly-39a94d1eb7ad', '2021-10-14 09:49:42'),
(62, 'Lil Shady', '163428693951794442.06733535723.jpg', 'lil-shady-42cc4b5d39df', '2021-10-14 09:49:42'),
(63, 'Jombie', '163428693951794442.06733535723.jpg', 'jombie-f3419a4c661e', '2021-10-14 09:49:42'),
(64, 'Dilan Vũ', '163428693951794442.06733535723.jpg', 'dilan-vu-32bf3eea9fc0', '2021-10-14 09:49:42'),
(65, 'Jackson Wang (vương Gia Nhĩ)', '163428693951794442.06733535723.jpg', 'jackson-wang-vuong-gia-nhi-c264f01223a3', '2021-10-14 09:49:42'),
(66, 'Đinh Tùng Huy', '163428693951794442.06733535723.jpg', 'dinh-tung-huy-295765f8efff', '2021-10-14 09:49:42'),
(67, 'Phương Np', '163428693951794442.06733535723.jpg', 'phuong-np-bdb42ca8379b', '2021-10-14 09:49:42'),
(68, 'Duongg', '163428693951794442.06733535723.jpg', 'duongg-096f55d9b657', '2021-10-14 09:49:42'),
(69, 'Orange', '163428693951794442.06733535723.jpg', 'orange-3d98a0454dbd', '2021-10-14 09:49:42'),
(70, 'Út Nhị', '163428693951794442.06733535723.jpg', 'ut-nhi-9c78739c9106', '2021-10-14 09:49:42'),
(71, 'Suzu Music', '163428693951794442.06733535723.jpg', 'suzu-music-fc4075f9c1b8', '2021-10-14 09:49:42'),
(72, 'Phát Hồ', '163428693951794442.06733535723.jpg', 'phat-ho-87e5905aa4c7', '2021-10-14 09:49:42'),
(73, 'Lê Bảo Bình', '163428693951794442.06733535723.jpg', 'le-bao-binh-6b9b8ca2b4e8', '2021-10-14 09:49:42'),
(74, 'Kalee Hoàng', '163428693951794442.06733535723.jpg', 'kalee-hoang-f00a154b64d0', '2021-10-14 09:49:42'),
(75, 'Phúc Bồ', '163428693951794442.06733535723.jpg', 'phuc-bo-d344354b9327', '2021-10-14 09:49:42'),
(76, 'Cao Nam Thành', '163428693951794442.06733535723.jpg', 'cao-nam-thanh-f2ffd1a6f325', '2021-10-14 09:49:42'),
(77, 'Đào Duy Quý', '163428693951794442.06733535723.jpg', 'dao-duy-quy-57ef1488ca52', '2021-10-14 09:49:42'),
(78, 'Vp Bá Vương', '163428693951794442.06733535723.jpg', 'vp-ba-vuong-f3e0622d2c87', '2021-10-14 09:49:42'),
(79, 'Bằng Cường', '163428693951794442.06733535723.jpg', 'bang-cuong-5eb58171a7eb', '2021-10-14 09:49:42'),
(80, 'Rum', '163428693951794442.06733535723.jpg', 'rum-ac56d8465038', '2021-10-14 09:49:42'),
(81, 'Danh Zoram', '163428693951794442.06733535723.jpg', 'danh-zoram-1f2d7e1e5acb', '2021-10-14 09:49:42'),
(82, 'H-kray', '163428693951794442.06733535723.jpg', 'h-kray-9276b0712ad2', '2021-10-14 09:49:42'),
(83, 'Tân Trần', '163428693951794442.06733535723.jpg', 'tan-tran-9e5024d9de24', '2021-10-14 09:49:42'),
(84, 'Truzg', '163428693951794442.06733535723.jpg', 'truzg-9689aad8c54c', '2021-10-14 09:49:42'),
(85, 'Phùng Khánh Linh', '163428693951794442.06733535723.jpg', 'phung-khanh-linh-17402fdb91e3', '2021-10-14 09:49:42'),
(86, 'Vương Thiên Tuấn', '163428693951794442.06733535723.jpg', 'vuong-thien-tuan-02bca1625aa0', '2021-10-14 09:49:42'),
(87, 'Chu Bin', '163428693951794442.06733535723.jpg', 'chu-bin-4994a89b042f', '2021-10-14 09:49:42'),
(88, 'Trương Ngôn', '163428693951794442.06733535723.jpg', 'truong-ngon-ba7b1a7ca51f', '2021-10-14 09:49:42'),
(89, 'Huy Vạc', '163428693951794442.06733535723.jpg', 'huy-vac-8609a8d6ae9c', '2021-10-14 09:49:42'),
(90, 'Kha', '163428693951794442.06733535723.jpg', 'kha-c93b151069d2', '2021-10-14 09:49:42'),
(91, 'Duy Khiêm Ngố', '163428693951794442.06733535723.jpg', 'duy-khiem-ngo-8ad92b425a21', '2021-10-14 09:49:42'),
(92, 'Long Hải', '163428693951794442.06733535723.jpg', 'long-hai-887a5d392eaf', '2021-10-14 09:49:42'),
(93, 'Huyền Trang Lux', '163428693951794442.06733535723.jpg', 'huyen-trang-lux-8089fe63a3b6', '2021-10-14 09:49:42'),
(94, 'Ken Phạm', '163428693951794442.06733535723.jpg', 'ken-pham-3a68a0da0b92', '2021-10-14 09:49:42'),
(95, 'Astro', '163428693951794442.06733535723.jpg', 'astro-9ba4508aac82', '2021-10-14 09:49:42'),
(96, 'Ducloi', '163428693951794442.06733535723.jpg', 'ducloi-79975997a54f', '2021-10-14 09:49:42'),
(97, 'Thương Võ', '163428693951794442.06733535723.jpg', 'thuong-vo-7e714587b60c', '2021-10-14 09:49:42'),
(98, 'Phạm Trưởng', '163428693951794442.06733535723.jpg', 'pham-truong-228b384a1c8d', '2021-10-14 09:49:42'),
(99, 'Dablo', '163428693951794442.06733535723.jpg', 'dablo-5a5e48700cc6', '2021-10-14 09:49:42'),
(100, 'Thanh Hà', '163428693951794442.06733535723.jpg', 'thanh-ha-aa11c155f11e', '2021-10-14 09:49:42'),
(101, 'Tăng Duy Tân', '163428693951794442.06733535723.jpg', 'tang-duy-tan-a777b195aa9a', '2021-10-14 09:49:42'),
(102, 'Jack - J97', '163428693951794442.06733535723.jpg', 'jack-j97-07a1c51573c2', '2021-10-14 09:49:42'),
(104, 'Hoàng Nhật Tiến', '163430991029033127.369986270016.jpg', 'hoang-nhat-tien.1634308675019', '2021-10-15 14:37:55');

-- --------------------------------------------------------

--
-- Table structure for table `category`
--



--
-- Dumping data for table `category`
--

INSERT INTO `Category` (`id`, `title`, `slug`, `thumbnail`) VALUES
(1, 'Nhạc Bolero', 'nhac-bolero', 'the-loai-tru-tinh.jpg'),
(2, 'Nhạc Rap', 'nhac-rap', 'the-loai-nhac-rap.jpg'),
(4, 'Nhạc trẻ', 'nhac-tre', 'the-loai-nhac-tre.jpg'),
(5, 'Remix', 'remix', 'the-loai-remix.jpg'),
(6, 'Nhạc phim', 'nhac-phim', 'the-loai-nhac-phim.jpg'),
(9, 'Nhạc Rock', 'nhac-rock', '163430736624082274.34509071962.jpg');

-- --------------------------------------------------------

--
-- Table structure for table `liketable`
--



--
-- Dumping data for table `liketable`
--



-- --------------------------------------------------------

--
-- Table structure for table `lyrictable`
--



--
-- Dumping data for table `lyrictable`
--



-- --------------------------------------------------------

--
-- Table structure for table `music`
--


--
-- Dumping data for table `music`
--

INSERT INTO `Music` (`id`, `title`, `audio`, `thumbnail`, `slug`, `artist_name`, `cat_id`, `public_year`, `artist_id`, `upload_time`, `viewcount`) VALUES
(1, 'Lâng Lâng', 'langlang.mp3', '16343047379993870.99188848035.jpg', 'lang-lang.2681aea4d9c3', 'Osad', 4, 2021, 2, '2021-09-22 07:13:49', 0),
(4, 'Hạnh Phúc Là Khi...', 'hanhphuclakhi....mp3', 'hanhphuclakhi....jpg', 'hanh-phuc-la-khi.c056f24e3703', 'Jun Phạm', 4, 2021, 9, '2021-09-22 07:13:49', 0),
(5, 'Dại', 'dai.mp3', 'dai.jpg', 'dai.f1f6d298745a', 'Bùi Trường Linh', 4, 2021, 11, '2021-09-22 07:13:49', 1),
(6, 'Nhìn Về Quá Khứ', 'nhinvequakhu.mp3', 'nhinvequakhu.jpg', 'nhin-ve-qua-khu.05e700f137f7', 'Ti Ti', 4, 2021, 10, '2021-09-22 07:13:49', 1),
(7, 'Ái Nộ', 'aino.mp3', 'aino.jpg', 'ai-no.d033fea1815b', 'Masew', 4, 2021, 3, '2021-09-22 07:13:49', 0),
(8, 'Nếu Như Ngày Đó', 'neunhungaydo.mp3', 'neunhungaydo.jpg', 'neu-nhu-ngay-do.5adf196dac43', 'Jokes Bii', 4, 2021, 12, '2021-09-22 07:13:49', 0),
(9, 'Tập Yêu Đi', 'tapyeudi.mp3', 'tapyeudi.jpg', 'tap-yeu-di.c64cc7840e19', 'Anh Rồng', 4, 2021, 5, '2021-09-22 07:13:49', 0),
(10, 'Tớ Yêu Cậu', 'toyeucau.mp3', 'toyeucau.jpg', 'to-yeu-cau.92ca4fedb61c', 'Phạm Đình Thái Ngân', 4, 2021, 1, '2021-09-22 07:13:49', 0),
(15, 'Dạ Vũ', 'davu.mp3', 'davu.jpg', 'da-vu.b947fb6c3f63', 'Tăng Duy Tân', 4, 2021, 101, '2021-09-22 07:13:50', 0),
(17, 'Laylalay', 'laylalay.mp3', 'laylalay.jpg', 'laylalay.acdc041eef08', 'Jack - J97', 4, 2021, 102, '2021-09-22 07:13:50', 1),
(18, 'Dịu Dàng Em Đến', 'diudangemden.mp3', 'diudangemden.jpg', 'diu-dang-em-den.6fe216d80653', 'ERIK', 4, 2021, 38, '2021-09-22 07:13:50', 0),
(19, 'Gặp Gỡ, Yêu Đương Và Được Bên Em', 'gapgo,yeuduongvaduocbenem.mp3', 'gapgo,yeuduongvaduocbenem.jpg', 'gap-go-yeu-duong-va-duoc-ben-em.978a13239d20', 'Phan Mạnh Quỳnh', 4, 2021, 42, '2021-09-22 07:13:50', 0),
(20, 'Cưới Thôi', 'cuoithoi.mp3', 'cuoithoi.jpg', 'cuoi-thoi.0af688a0e758', 'Masiu', 4, 2021, 47, '2021-09-22 07:13:50', 0),
(21, 'Sai Lầm Của Chúng Ta', 'sailamcuachungta.mp3', 'sailamcuachungta.jpg', 'sai-lam-cua-chung-ta.836e3864821b', 'NQP', 4, 2021, 14, '2021-09-22 07:13:50', 0),
(22, 'Lần Này Sẽ Khác', 'lannaysekhac.mp3', 'lannaysekhac.jpg', 'lan-nay-se-khac.db49f162b5df', 'Gemini Band', 4, 2021, 16, '2021-09-22 07:13:50', 0),
(23, 'Nhất Thân', 'nhatthan.mp3', 'nhatthan.jpg', 'nhat-than.8a745d85b93f', 'Masew', 4, 2021, 3, '2021-09-22 07:13:50', 0),
(24, 'Muốn Được Trở Về', 'muonduoctrove.mp3', 'muonduoctrove.jpg', 'muon-duoc-tro-ve.58d24a7eee8c', 'Hàn Thái Tú', 4, 2021, 17, '2021-09-22 07:13:50', 0),
(25, 'Cùng Nhau Cảm Ơn', 'cungnhaucamon.mp3', 'cungnhaucamon.jpg', 'cung-nhau-cam-on.823f75812312', 'Đàm Vĩnh Hưng', 4, 2021, 20, '2021-09-22 07:13:50', 0),
(26, 'Câu Hẹn Câu Thề', 'cauhencauthe.mp3', 'cauhencauthe.jpg', 'cau-hen-cau-the.cf9fa3f27617', 'Đình Dũng', 4, 2021, 18, '2021-09-22 07:13:50', 0),
(27, 'những ngày mưa cô đơn', 'nhungngaymuacodon.mp3', 'nhungngaymuacodon.jpg', 'nhung-ngay-mua-co-don.d2098f1ea773', 'Trung Quân', 4, 2021, 19, '2021-09-22 07:13:50', 3),
(28, 'Trưởng Thành 2', 'truongthanh2.mp3', 'truongthanh2.jpg', 'truong-thanh-2.900392c5e08f', 'Dee.A', 4, 2021, 21, '2021-09-22 07:13:50', 0),
(30, 'Tập Cho Nước Mắt Ngừng Rơi', 'tapchonuocmatngungroi.mp3', 'tapchonuocmatngungroi.jpg', 'tap-cho-nuoc-mat-ngung-roi.576588f67858', 'Lý Tuấn Kiệt', 4, 2021, 23, '2021-09-22 07:13:50', 0),
(31, 'Anh Ơi! Đừng Buồn Nhé', 'anhoi!dungbuonnhe.mp3', 'anhoi!dungbuonnhe.jpg', 'anh-oi-dung-buon-nhe.fbe1f99b3449', 'Bạc Cầm Diễm My', 4, 2021, 29, '2021-09-22 07:13:50', 0),
(32, 'Răng Khôn', 'rangkhon.mp3', 'rangkhon.jpg', 'rang-khon.9fdfdb88d9ba', 'Phí Phương Anh', 4, 2021, 26, '2021-09-22 07:13:50', 0),
(33, 'Nàng Kiều', 'nangkieu.mp3', 'nangkieu.jpg', 'nang-kieu.dfd810c03485', 'Nal', 4, 2021, 24, '2021-09-22 07:13:50', 0),
(34, 'Chúng Ta Sau Này', 'chungtasaunay.mp3', 'chungtasaunay.jpg', 'chung-ta-sau-nay.a14bdb6880c8', 'T.R.I', 4, 2021, 25, '2021-09-22 07:13:50', 0),
(36, 'Độ Tộc 2', 'dotoc2.mp3', 'dotoc2.jpg', 'do-toc-2.def32f5b989e', 'Masew', 4, 2021, 3, '2021-09-22 07:13:50', 0),
(37, '15 Rồi Lại 15', '15roilai15.mp3', '15roilai15.jpg', '15-roi-lai-15.513bc746d1a1', 'Nguyễn Đình Vũ', 4, 2021, 28, '2021-09-22 07:13:50', 0),
(38, 'Đã Có Anh (Gotcha)', 'dacoanh(gotcha).mp3', 'dacoanh(gotcha).jpg', 'da-co-anh-gotcha.d0b36ff9d47a', 'Quang Hùng MasterD', 4, 2021, 30, '2021-09-22 07:13:50', 0),
(39, 'Yêu Thầm', 'yeutham.mp3', 'yeutham.jpg', 'yeu-tham.f158c74bb07c', 'Hoàng Yến Chibi', 4, 2021, 31, '2021-09-22 07:13:50', 0),
(40, 'Mình Đừng Quên Nhau', 'minhdungquennhau.mp3', 'minhdungquennhau.jpg', 'minh-dung-quen-nhau.fa9f0fff8880', 'Anh Tú Atus', 4, 2021, 34, '2021-09-22 07:13:50', 0),
(42, 'Chỉ Là Muốn Nói', 'chilamuonnoi.mp3', 'chilamuonnoi.jpg', 'chi-la-muon-noi.2fa2e42502cb', 'Khải', 4, 2021, 33, '2021-09-22 07:13:50', 0),
(43, 'Dỗi Vậy Luôn', 'doivayluon.mp3', 'doivayluon.jpg', 'doi-vay-luon.e836a979c776', 'WONI', 4, 2021, 35, '2021-09-22 07:13:50', 0),
(45, 'Visiting Hours', 'visitinghours.mp3', 'visitinghours.jpg', 'visiting-hours.3ecdb91ffabf', 'Ed Sheeran', 4, 2021, 37, '2021-09-22 07:13:50', 0),
(46, 'Lòng Vòng Sài Gòn', 'longvongsaigon.mp3', 'longvongsaigon.jpg', 'long-vong-sai-gon.67d586058a08', 'Dick', 4, 2021, 40, '2021-09-22 07:13:50', 0),
(47, 'Cuối Tuần', 'cuoituan.mp3', 'cuoituan.jpg', 'cuoi-tuan.ea2825a9ec52', 'Wxrdie', 4, 2021, 39, '2021-09-22 07:13:50', 0),
(48, 'Gửi Đấng Sinh Thành', 'guidangsinhthanh.mp3', 'guidangsinhthanh.jpg', 'gui-dang-sinh-thanh.1508bbcd2e48', 'Huy Luân', 4, 2021, 41, '2021-09-22 07:13:50', 0),
(49, 'Cô Đơn Vắt Vai', 'codonvatvai.mp3', 'codonvatvai.jpg', 'co-don-vat-vai.3e9ee7e2ab5a', 'Machiot', 4, 2021, 43, '2021-09-22 07:13:50', 0),
(50, 'Tình Yêu Màu Hồng', 'tinhyeumauhong.mp3', 'tinhyeumauhong.jpg', 'tinh-yeu-mau-hong.0319b7b5a83f', 'Hồ Văn Quý', 4, 2021, 45, '2021-09-22 07:13:50', 0),
(51, '5 10 15 20', '5101520.mp3', '5101520.jpg', '5-10-15-20.fcedded6e94a', 'Lê Thiện Hiếu', 4, 2021, 44, '2021-09-22 07:13:50', 0),
(54, 'Ngày Đôi Ta', 'ngaydoita.mp3', 'ngaydoita.jpg', 'ngay-doi-ta.c961a6e56219', 'MC Goku', 4, 2021, 52, '2021-09-22 07:13:50', 0),
(55, 'Lo$Er=lo♡er', 'lo$er=loer.mp3', 'lo$er=loer.jpg', 'loerloer.7cb711831168', 'TXT (Tomorrow x Together)', 4, 2021, 54, '2021-09-22 07:13:50', 0),
(56, 'Don\'t Go', 'don\'tgo.mp3', 'don\'tgo.jpg', 'dont-go.a9ff79179163', 'Skrillex', 4, 2021, 48, '2021-09-22 07:13:50', 0),
(57, 'Cold Heart (Pnau Remix)', 'coldheart(pnauremix).mp3', 'coldheart(pnauremix).jpg', 'cold-heart-pnau-remix.aa5648a953a7', 'Elton John', 4, 2021, 49, '2021-09-22 07:13:50', 0),
(58, 'Someday', 'someday.mp3', 'someday.jpg', 'someday.217c038c9899', 'OneRepublic', 4, 2021, 51, '2021-09-22 07:13:50', 0),
(60, 'Thunderous', 'thunderous.mp3', 'thunderous.jpg', 'thunderous.77096ccc5378', 'Stray Kids', 4, 2021, 50, '2021-09-22 07:13:50', 0),
(61, 'Giữ Khoảng Cách', 'giukhoangcach.mp3', 'giukhoangcach.jpg', 'giu-khoang-cach.e82c1ca72664', 'Jombie', 4, 2021, 63, '2021-09-22 07:13:50', 0),
(62, 'Love (Sweet Love)', 'love(sweetlove).mp3', 'love(sweetlove).jpg', 'love-sweet-love.452adde9abef', 'Little Mix', 4, 2021, 53, '2021-09-22 07:13:51', 0),
(63, 'Billie Bossa Nova', 'billiebossanova.mp3', 'billiebossanova.jpg', 'billie-bossa-nova.4f000d6bec29', 'Billie Eilish', 4, 2021, 56, '2021-09-22 07:13:51', 0),
(64, ' @ My Worst', '@myworst.mp3', '@myworst.jpg', 'my-worst.c09b32da83dd', 'BlackBear', 4, 2021, 57, '2021-09-22 07:13:51', 0),
(65, '#Flower', '#flower.mp3', '#flower.jpg', 'flower.38779bade954', 'Khánh Juno', 4, 2021, 58, '2021-09-22 07:13:51', 0),
(66, 'Distance', 'distance.mp3', 'distance.jpg', 'distance.0060baf2ee84', 'OneRepublic', 4, 2021, 51, '2021-09-22 07:13:51', 0),
(67, ' I Am Not A Woman, I\'m A God', 'iamnotawoman,i\'magod.mp3', 'iamnotawoman,i\'magod.jpg', 'i-am-not-a-woman-im-a-god.f0954c5fb603', 'Halsey', 4, 2021, 59, '2021-09-22 07:13:51', 0),
(68, 'Cuồng Si 1995', 'cuongsi1995.mp3', 'cuongsi1995.jpg', 'cuong-si-1995.e1b9862ca10d', 'Lil Shady', 4, 2021, 62, '2021-09-22 07:13:51', 0),
(69, 'Take My Breath', 'takemybreath.mp3', 'takemybreath.jpg', 'take-my-breath.d3cfef0f8b52', 'The Weeknd', 4, 2021, 60, '2021-09-22 07:13:51', 0),
(70, 'Ái Nộ', 'aino.mp3', 'aino.jpg', 'ai-no.72962a15def7', 'Masew', 4, 2021, 3, '2021-09-22 07:13:51', 0),
(71, 'Dạ Vũ', 'davu.mp3', 'davu.jpg', 'da-vu.447b25cbaac4', 'Tăng Duy Tân', 4, 2021, 101, '2021-09-22 07:13:51', 0),
(72, 'Dịu Dàng Em Đến', 'diudangemden.mp3', 'diudangemden.jpg', 'diu-dang-em-den.f964cdf13be9', 'ERIK', 4, 2021, 38, '2021-09-22 07:13:51', 0),
(73, 'Gặp Gỡ, Yêu Đương Và Được Bên Em', 'gapgo,yeuduongvaduocbenem.mp3', 'gapgo,yeuduongvaduocbenem.jpg', 'gap-go-yeu-duong-va-duoc-ben-em.2bdcf2d68c56', 'Phan Mạnh Quỳnh', 4, 2021, 42, '2021-09-22 07:13:51', 0),
(74, 'Khuê Mộc Lan', 'khuemoclan.mp3', 'khuemoclan.jpg', 'khue-moc-lan.ba2e651492d5', 'Hương Ly', 4, 2021, 61, '2021-09-22 07:13:51', 0),
(75, 'Ái Nộ', 'aino.mp3', 'aino.jpg', 'ai-no.2e3cc400e206', 'Masew', 4, 2021, 3, '2021-09-22 07:13:51', 0),
(76, 'Ái Nộ', 'aino.mp3', 'default.png', 'ai-no.c2a68752dca3', 'Masew', 4, 2021, 3, '2021-09-22 07:13:51', 0),
(77, 'Drive You Home', 'driveyouhome.mp3', 'driveyouhome.jpg', 'drive-you-home.331c8e2e720b', 'Jackson Wang (Vương Gia Nhĩ)', 4, 2021, 65, '2021-09-22 07:13:51', 0),
(78, 'Dạ Vũ', 'davu.mp3', 'davu.jpg', 'da-vu.f12cd6c07e16', 'Tăng Duy Tân', 4, 2021, 101, '2021-09-22 07:13:51', 0),
(79, 'Ái Nộ', 'aino.mp3', 'aino.jpg', 'ai-no.636f8141d398', 'Masew', 4, 2021, 3, '2021-09-22 07:13:51', 0),
(80, 'Dịu Dàng Em Đến', 'diudangemden.mp3', 'diudangemden.jpg', 'diu-dang-em-den.707f07c362e6', 'ERIK', 4, 2021, 38, '2021-09-22 07:13:51', 1),
(81, 'Gặp Gỡ, Yêu Đương Và Được Bên Em', 'gapgo,yeuduongvaduocbenem.mp3', 'gapgo,yeuduongvaduocbenem.jpg', 'gap-go-yeu-duong-va-duoc-ben-em.346b1e3c566f', 'Phan Mạnh Quỳnh', 4, 2021, 42, '2021-09-22 07:13:51', 0),
(82, 'Ái Nộ', 'aino.mp3', 'aino.jpg', 'ai-no.f93ab516f3d4', 'Masew', 4, 2021, 3, '2021-09-22 07:13:51', 0),
(83, 'Dạ Vũ', 'davu.mp3', 'davu.jpg', 'da-vu.4e8d904594c7', 'Tăng Duy Tân', 4, 2021, 101, '2021-09-22 07:13:51', 0),
(84, 'Dịu Dàng Em Đến', 'diudangemden.mp3', 'diudangemden.jpg', 'diu-dang-em-den.99326877d84c', 'ERIK', 4, 2021, 38, '2021-09-22 07:13:51', 0),
(85, 'Gặp Gỡ, Yêu Đương Và Được Bên Em', 'gapgo,yeuduongvaduocbenem.mp3', 'gapgo,yeuduongvaduocbenem.jpg', 'gap-go-yeu-duong-va-duoc-ben-em.db8d2b19a2db', 'Phan Mạnh Quỳnh', 4, 2021, 42, '2021-09-22 07:13:51', 0),
(86, 'Ái Nộ', 'aino.mp3', 'aino.jpg', 'ai-no.219a577079fc', 'Masew', 4, 2021, 3, '2021-09-22 07:13:51', 0),
(87, 'Dạ Vũ', 'davu.mp3', 'davu.jpg', 'da-vu.8b846c5a4d9a', 'Tăng Duy Tân', 4, 2021, 101, '2021-09-22 07:13:51', 0),
(88, 'Người Lạ Thoáng Qua', 'nguoilathoangqua.mp3', 'nguoilathoangqua.jpg', 'nguoi-la-thoang-qua.2f7040307c0c', 'Đinh Tùng Huy', 4, 2021, 66, '2021-09-22 07:13:51', 0),
(89, 'Dịu Dàng Em Đến', 'diudangemden.mp3', 'diudangemden.jpg', 'diu-dang-em-den.6ddd4c54f213', 'ERIK', 4, 2021, 38, '2021-09-22 07:13:51', 0),
(90, 'Khuê Mộc Lan', 'khuemoclan.mp3', 'khuemoclan.jpg', 'khue-moc-lan.597bcf7626ff', 'Hương Ly', 4, 2021, 61, '2021-09-22 07:13:51', 0),
(91, 'Em Hát Ai Nghe', 'emhatainghe.mp3', 'emhatainghe.jpg', 'em-hat-ai-nghe.d2b244087a8f', 'Orange', 4, 2021, 69, '2021-09-22 07:13:51', 0),
(92, 'Cố Lên Sài Gòn', 'colensaigon.mp3', 'colensaigon.jpg', 'co-len-sai-gon.c2d0080a2215', 'Dilan Vũ', 4, 2021, 64, '2021-09-22 07:13:51', 0),
(93, 'Sao Ta Ngược Lối', 'saotanguocloi.mp3', 'saotanguocloi.jpg', 'sao-ta-nguoc-loi.a3a189a77980', 'Đình Dũng', 4, 2021, 18, '2021-09-22 07:13:51', 0),
(94, 'Thương Nhau Tới Bến', 'thuongnhautoiben.mp3', 'thuongnhautoiben.jpg', 'thuong-nhau-toi-ben.b36920cb2cad', 'Nal', 4, 2021, 24, '2021-09-22 07:13:51', 0),
(95, 'những ngày mưa cô đơn', 'nhungngaymuacodon.mp3', 'nhungngaymuacodon.jpg', 'nhung-ngay-mua-co-don.a7b717e884fb', 'Trung Quân', 4, 2021, 19, '2021-09-22 07:13:51', 2),
(96, 'Gặp Gỡ, Yêu Đương Và Được Bên Em', 'gapgo,yeuduongvaduocbenem.mp3', 'gapgo,yeuduongvaduocbenem.jpg', 'gap-go-yeu-duong-va-duoc-ben-em.fe4adc5be09f', 'Phan Mạnh Quỳnh', 4, 2021, 42, '2021-09-22 07:13:51', 0),
(97, 'Cùng Nhau Cảm Ơn', 'cungnhaucamon.mp3', 'cungnhaucamon.jpg', 'cung-nhau-cam-on.0191d249f941', 'Đàm Vĩnh Hưng', 4, 2021, 20, '2021-09-22 07:13:51', 0),
(98, 'Trưởng Thành 2', 'truongthanh2.mp3', 'truongthanh2.jpg', 'truong-thanh-2.2f85930c4c7e', 'Dee.A', 4, 2021, 21, '2021-09-22 07:13:51', 0),
(99, 'Tới Công Chuyện', 'toicongchuyen.mp3', 'toicongchuyen.jpg', 'toi-cong-chuyen.574b7fafc9eb', 'Phương NP', 4, 2021, 67, '2021-09-22 07:13:51', 0),
(100, 'Túp Lều Vàng', 'tupleuvang.mp3', 'tupleuvang.jpg', 'tup-leu-vang.c823c2695f9f', 'Nguyễn Đình Vũ', 4, 2021, 28, '2021-09-22 07:13:51', 0),
(101, '15 Rồi Lại 15', '15roilai15.mp3', '15roilai15.jpg', '15-roi-lai-15.4297654393d2', 'Nguyễn Đình Vũ', 4, 2021, 28, '2021-09-22 07:13:51', 0),
(102, 'Nàng Kiều', 'nangkieu.mp3', 'nangkieu.jpg', 'nang-kieu.51fb64d80d04', 'Nal', 4, 2021, 24, '2021-09-22 07:13:51', 0),
(103, 'Love08', 'love08.mp3', 'love08.jpg', 'love08.b8298d584c23', 'Duongg', 4, 2021, 68, '2021-09-22 07:13:51', 0),
(104, 'Cô Đơn Dành Cho Ai Cover', 'codondanhchoaicover.mp3', 'codondanhchoaicover.jpg', 'co-don-danh-cho-ai-cover.64fea03e3f80', 'Út Nhị', 4, 2021, 70, '2021-09-22 07:13:51', 0),
(105, 'Sài Gòn Sẽ Ổn Thôi!', 'saigonseonthoi!.mp3', 'saigonseonthoi!.jpg', 'sai-gon-se-on-thoi.7bbc2472f067', 'SuZu Music', 4, 2021, 71, '2021-09-22 07:13:51', 0),
(106, 'Tớ Yêu Cậu', 'toyeucau.mp3', 'toyeucau.jpg', 'to-yeu-cau.9b275d6a62ae', 'Phạm Đình Thái Ngân', 4, 2021, 1, '2021-09-22 07:13:51', 0),
(107, 'Nhất Thân', 'nhatthan.mp3', 'nhatthan.jpg', 'nhat-than.2564c0c97544', 'Masew', 4, 2021, 3, '2021-09-22 07:13:51', 0),
(108, 'Sai Lầm Của Chúng Ta', 'sailamcuachungta.mp3', 'sailamcuachungta.jpg', 'sai-lam-cua-chung-ta.6cc336d0e610', 'NQP', 4, 2021, 14, '2021-09-22 07:13:51', 0),
(109, 'Rồi Tới Luôn Cover', 'roitoiluoncover.mp3', 'roitoiluoncover.jpg', 'roi-toi-luon-cover.746797a25730', 'Út Nhị', 4, 2021, 70, '2021-09-22 07:13:51', 0),
(110, 'Anh Ơi! Đừng Buồn Nhé', 'anhoi!dungbuonnhe.mp3', 'anhoi!dungbuonnhe.jpg', 'anh-oi-dung-buon-nhe.b49400650eb9', 'Bạc Cầm Diễm My', 4, 2021, 29, '2021-09-22 07:13:51', 0),
(111, 'Lần Này Sẽ Khác', 'lannaysekhac.mp3', 'lannaysekhac.jpg', 'lan-nay-se-khac.c0161e62b320', 'Gemini Band', 4, 2021, 16, '2021-09-22 07:13:51', 0),
(112, 'Tập Cho Nước Mắt Ngừng Rơi', 'tapchonuocmatngungroi.mp3', 'tapchonuocmatngungroi.jpg', 'tap-cho-nuoc-mat-ngung-roi.b4086465fff6', 'Lý Tuấn Kiệt', 4, 2021, 23, '2021-09-22 07:13:51', 1),
(113, 'Rồi Tới Luôn Cover', 'roitoiluoncover.mp3', 'roitoiluoncover.jpg', 'roi-toi-luon-cover.5b43b06f7d45', 'Phát Hồ', 4, 2021, 72, '2021-09-22 07:13:51', 0),
(114, 'Muốn Được Trở Về', 'muonduoctrove.mp3', 'muonduoctrove.jpg', 'muon-duoc-tro-ve.1e66a01936b4', 'Hàn Thái Tú', 4, 2021, 17, '2021-09-22 07:13:51', 0),
(115, 'Sai Cách Yêu', 'saicachyeu.mp3', 'saicachyeu.jpg', 'sai-cach-yeu.e583fc8b8cb2', 'Lê Bảo Bình', 4, 2021, 73, '2021-09-22 07:13:51', 0),
(116, 'Nếu Như Ngày Đó', 'neunhungaydo.mp3', 'neunhungaydo.jpg', 'neu-nhu-ngay-do.0c85773661cb', 'Jokes Bii', 4, 2021, 12, '2021-09-22 07:13:51', 0),
(117, 'Nhìn Về Quá Khứ', 'nhinvequakhu.mp3', 'nhinvequakhu.jpg', 'nhin-ve-qua-khu.f89ea484ca70', 'Ti Ti', 4, 2021, 10, '2021-09-22 07:13:51', 1),
(118, 'Hạ Sang (Lofi Version)', 'hasang(lofiversion).mp3', 'hasang(lofiversion).jpg', 'ha-sang-lofi-version.593b7dbb4370', 'Đào Duy Quý', 4, 2021, 77, '2021-09-22 07:13:51', 0),
(119, 'Chẳng Thể Sống Thiếu Em (Lofi Version)', 'changthesongthieuem(lofiversion).mp3', 'changthesongthieuem(lofiversion).jpg', 'chang-the-song-thieu-em-lofi-version.133b63f5ef0a', 'Kalee Hoàng', 4, 2021, 74, '2021-09-22 07:13:51', 0),
(120, 'Sài Gòn Ốm', 'saigonom.mp3', 'saigonom.jpg', 'sai-gon-om.c258ea9f2bd9', 'Phúc Bồ', 4, 2021, 75, '2021-09-22 07:13:51', 0),
(121, 'Hết Duyên Thì Người Đi', 'hetduyenthinguoidi.mp3', 'hetduyenthinguoidi.jpg', 'het-duyen-thi-nguoi-di.33a8d554b195', 'Kalee Hoàng', 4, 2021, 74, '2021-09-22 07:13:51', 0),
(122, 'Quên Một Người Thật Khó', 'quenmotnguoithatkho.mp3', 'quenmotnguoithatkho.jpg', 'quen-mot-nguoi-that-kho.3e8a30a49779', 'Cao Nam Thành', 4, 2021, 76, '2021-09-22 07:13:51', 0),
(123, 'Từng Yêu Đến Thế?', 'tungyeudenthe?.mp3', 'tungyeudenthe?.jpg', 'tung-yeu-den-the.9796c104bdd7', 'Kalee Hoàng', 4, 2021, 74, '2021-09-22 07:13:52', 0),
(124, 'Ngày Mai Sẽ Tốt Thôi', 'ngaymaisetotthoi.mp3', 'ngaymaisetotthoi.jpg', 'ngay-mai-se-tot-thoi.e74bb43584f5', 'Kalee Hoàng', 4, 2021, 74, '2021-09-22 07:13:52', 0),
(125, 'Tâm Tình', 'tamtinh.mp3', 'tamtinh.jpg', 'tam-tinh.28afcc7ebea0', 'Rum', 4, 2021, 80, '2021-09-22 07:13:52', 0),
(126, 'Biệt Phủ', 'bietphu.mp3', 'bietphu.jpg', 'biet-phu.6f98680d3b8f', 'VP Bá Vương', 4, 2021, 78, '2021-09-22 07:13:52', 0),
(127, 'Người Đừng Đổi Thay', 'nguoidungdoithay.mp3', 'nguoidungdoithay.jpg', 'nguoi-dung-doi-thay.ee99d6afa15e', 'Bằng Cường', 4, 2021, 79, '2021-09-22 07:13:52', 0),
(128, 'Dại', 'dai.mp3', 'dai.jpg', 'dai.bfbba6af6d6a', 'Bùi Trường Linh', 4, 2021, 11, '2021-09-22 07:13:52', 0),
(129, 'Love Is Love', 'loveislove.mp3', 'loveislove.jpg', 'love-is-love.829960dc8216', 'Yang Vy', 4, 2021, 36, '2021-09-22 07:13:52', 0),
(130, 'Gửi Người Anh Yêu 4', 'guinguoianhyeu4.mp3', 'guinguoianhyeu4.jpg', 'gui-nguoi-anh-yeu-4.47e2fb8cc0b4', 'Vương Thiên Tuấn', 4, 2021, 86, '2021-09-22 07:13:52', 0),
(131, 'Yêu Là Cưới', 'yeulacuoi.mp3', 'yeulacuoi.jpg', 'yeu-la-cuoi.d0bebf33fa9d', 'Phát Hồ', 4, 2021, 72, '2021-09-22 07:13:52', 0),
(132, 'Dỗi Vậy Luôn', 'doivayluon.mp3', 'doivayluon.jpg', 'doi-vay-luon.e8c1b70f3bac', 'WONI', 4, 2021, 35, '2021-09-22 07:13:52', 0),
(133, 'Bồi Hồi', 'boihoi.mp3', 'boihoi.jpg', 'boi-hoi.a8976341611d', 'Danh Zoram', 4, 2021, 81, '2021-09-22 07:13:52', 1),
(134, 'Chẳng Thể Sống Thiếu Em', 'changthesongthieuem.mp3', 'changthesongthieuem.jpg', 'chang-the-song-thieu-em.1bfd14aa8dca', 'Kalee Hoàng', 4, 2021, 74, '2021-09-22 07:13:52', 0),
(135, 'Tiếng Tơ Lòng', 'tiengtolong.mp3', 'tiengtolong.jpg', 'tieng-to-long.435c107a4568', 'H-Kray', 4, 2021, 82, '2021-09-22 07:13:52', 0),
(136, 'Cô Đơn Sớm Tối', 'codonsomtoi.mp3', 'codonsomtoi.jpg', 'co-don-som-toi.bc9fea01b9e1', 'Phùng Khánh Linh', 4, 2021, 85, '2021-09-22 07:13:52', 0),
(137, 'Bỏ Em Vào Balo (Lofi Version)', 'boemvaobalo(lofiversion).mp3', 'boemvaobalo(lofiversion).jpg', 'bo-em-vao-balo-lofi-version.0c3b67830b52', 'Tân Trần', 4, 2021, 83, '2021-09-22 07:13:52', 0),
(138, 'ai buồn giơ tay', 'aibuongiotay.mp3', 'aibuongiotay.jpg', 'ai-buon-gio-tay.9983a1186505', 'MONSTAR', 4, 2021, 7, '2021-09-22 07:13:52', 0),
(139, 'Tập Yêu Đi', 'tapyeudi.mp3', 'tapyeudi.jpg', 'tap-yeu-di.67cb7a52f730', 'Anh Rồng', 4, 2021, 5, '2021-09-22 07:13:52', 0),
(140, 'tan trong mưa', 'tantrongmua.mp3', 'tantrongmua.jpg', 'tan-trong-mua.41fe6e98cbdb', 'Trung Quân', 4, 2021, 19, '2021-09-22 07:13:52', 2),
(141, 'về phía mưa', 'vephiamua.mp3', 'vephiamua.jpg', 've-phia-mua.39c5dcf350ff', 'Trung Quân', 4, 2021, 19, '2021-09-22 07:13:52', 0),
(142, 'Tiếng Tơ Lòng (Lofi Version)', 'tiengtolong(lofiversion).mp3', 'tiengtolong(lofiversion).jpg', 'tieng-to-long-lofi-version.d4ac221d36e6', 'Truzg', 4, 2021, 84, '2021-09-22 07:13:52', 0),
(143, 'H In My Arms', 'hinmyarms.mp3', 'hinmyarms.jpg', 'h-in-my-arms.55bd1880ece5', 'Kha', 4, 2021, 90, '2021-09-22 07:13:52', 0),
(144, 'Em Nhớ Ai! Người Yêu Cũ Hả', 'emnhoai!nguoiyeucuha.mp3', 'emnhoai!nguoiyeucuha.jpg', 'em-nho-ai-nguoi-yeu-cu-ha.5847bab2bc18', 'Chu Bin', 4, 2021, 87, '2021-09-22 07:13:52', 0),
(145, 'Chuyện Thế Nhân', 'chuyenthenhan.mp3', 'chuyenthenhan.jpg', 'chuyen-the-nhan.5f48a9bfbaa1', 'Trương Ngôn', 4, 2021, 88, '2021-09-22 07:13:52', 0),
(146, 'Hạnh Phúc Là Khi...', 'hanhphuclakhi....mp3', 'hanhphuclakhi....jpg', 'hanh-phuc-la-khi.6071586e482e', 'Jun Phạm', 4, 2021, 9, '2021-09-22 07:13:52', 0),
(147, 'Kẻ Theo Đuổi Ánh Sáng', 'ketheoduoianhsang.mp3', 'ketheoduoianhsang.jpg', 'ke-theo-duoi-anh-sang.490a24a9ea6e', 'Huy Vạc', 4, 2021, 89, '2021-09-22 07:13:52', 0),
(149, 'Ngày Lại Thấy Nụ Cười', 'ngaylaithaynucuoi.mp3', 'ngaylaithaynucuoi.jpg', 'ngay-lai-thay-nu-cuoi.6508674963b3', 'Duy Khiêm Ngố', 4, 2021, 91, '2021-09-22 07:13:52', 0),
(150, 'Em Hát Ai Nghe (Lofi Version)', 'emhatainghe(lofiversion).mp3', 'emhatainghe(lofiversion).jpg', 'em-hat-ai-nghe-lofi-version.bac08400b726', 'Orange', 4, 2021, 69, '2021-09-22 07:13:52', 0),
(151, 'Người Sẽ Thay Anh', 'nguoisethayanh.mp3', 'nguoisethayanh.jpg', 'nguoi-se-thay-anh.30fdd39e2837', 'Long Hải', 4, 2021, 92, '2021-09-22 07:13:52', 1),
(152, '5 10 15 20', '5101520.mp3', '5101520.jpg', '5-10-15-20.03f75131076e', 'Lê Thiện Hiếu', 4, 2021, 44, '2021-09-22 07:13:52', 0),
(153, 'Sao Anh Lại Quát Em !!!', 'saoanhlaiquatem!!!.mp3', 'saoanhlaiquatem!!!.jpg', 'sao-anh-lai-quat-em.07088c76061a', 'Huyền Trang Lux', 4, 2021, 93, '2021-09-22 07:13:52', 0),
(154, 'Em Hứa Thế Nào (Lofi Cover)', 'emhuathenao(loficover).mp3', 'emhuathenao(loficover).jpg', 'em-hua-the-nao-lofi-cover.0c9f9b14bfa0', 'Thương Võ', 4, 2021, 97, '2021-09-22 07:13:52', 0),
(155, 'Ai Kia', 'aikia.mp3', 'aikia.jpg', 'ai-kia.c07ea17ceaeb', 'DucLoi', 4, 2021, 96, '2021-09-22 07:13:52', 1),
(156, 'Cánh Hoa Bên Đường', 'canhhoabenduong.mp3', 'canhhoabenduong.jpg', 'canh-hoa-ben-duong.f227c6e27a88', 'Phạm Trưởng', 4, 2021, 98, '2021-09-22 07:13:52', 0),
(157, 'Yahoo Love', 'yahoolove.mp3', 'yahoolove.jpg', 'yahoo-love.ec20855baac7', 'DABLO', 4, 2021, 99, '2021-09-22 07:13:52', 0),
(158, 'Giữ Khoảng Cách', 'giukhoangcach.mp3', 'giukhoangcach.jpg', 'giu-khoang-cach.385e15c0430f', 'Jombie', 4, 2021, 63, '2021-09-22 07:13:52', 1),
(159, 'trong nhà ngày mưa', 'trongnhangaymua.mp3', 'trongnhangaymua.jpg', 'trong-nha-ngay-mua.86957fb0dda7', 'Trung Quân', 4, 2021, 19, '2021-09-22 07:13:52', 0),
(160, 'Nếu Như Ngày Đó (Tropical Ver.)', 'neunhungaydo(tropicalver.).mp3', 'neunhungaydo(tropicalver.).jpg', 'neu-nhu-ngay-do-tropical-ver.9bf6c8b3609e', 'Jokes Bii', 4, 2021, 12, '2021-09-22 07:13:52', 1),
(161, 'Người Tôi Yêu', 'nguoitoiyeu.mp3', 'nguoitoiyeu.jpg', 'nguoi-toi-yeu.0523af34f2f9', 'Thanh Hà', 4, 2021, 100, '2021-09-22 07:13:52', 0),
(162, 'Rồi Tới Luôn Cover', 'roitoiluoncover.mp3', 'roitoiluoncover.jpg', 'roi-toi-luon-cover.e4c559c9d6d5', 'Ken Phạm', 4, 2021, 94, '2021-09-22 07:13:52', 0),
(163, 'Lỡ Hẹn', '526.476735.7701274675.BụiBặm-QuânĐao[VideoLyrics].mp3', '526.490127.9097173558.KR6HToxrc8s.jpg', 'lo-hen.e9767ff6eba5', 'Quân Đao ft. Cương TĐ, Yunj Boo & Diby', 4, 2021, NULL, '2021-09-22 08:56:10', 4),
(164, 'Người Ta', '480.244943.56398841512.NgườiTa-QuânĐaoftYunjBoo[VideoLyrics].mp3', '480.661449.6940716506.BJg2A2FUQdo.jpg', 'nguoi-ta.440548519f4f', 'Quân Đao ft Yunj Boo', 2, 2021, NULL, '2021-09-22 10:10:05', 11),
(165, 'Tân cổ Duyên Nghèo PBN 65', '930.139351.1692251493.PhiNhungvàMạnhQuỳnh-Tâncổ\"DuyênNghèo\"(MạnhQuỳnh)PBN65.mp3', '930.955770.8115071137.j8uiNdgMfKo.jpg', 'tan-co-duyen-ngheo-pbn-65.3033af6c28ec', 'Phi Nhung và Mạnh Quỳnh', 1, 2021, NULL, '2021-09-22 10:13:49', 3),
(166, 'Top 15 Bản Nhạc EDM Nghe Hoài Không Chán | Nhạc Điện Tử Gây Nghiện Hay Nhất | YING', '39.698788.5431560519.Top15BảnNhạcEDMNgheHoàiKhôngChánNhạcĐiệnTửGâyNghiệnHayNhất|YING.mp3', '39.147820.34263418044.nds8CnQ1ip8.jpg', 'top-15-ban-nhac-edm-nghe-hoai-khong-chan-nhac-dien-tu-gay-nghien-hay-nhat-ying.86652578ca24', 'Unknown', 5, 2021, NULL, '2021-09-22 10:22:34', 1),
(167, 'Chuyến Tàu Hoàng Hôn', '649.172271.95607109196.ChuyếnTàuHoàngHôn-ĐanNguyên.mp3', '649.754793.6738400587.Ky7iDFXf2NE.jpg', 'chuyen-tau-hoang-hon.f38f452e5c1a', 'Đan Nguyên', 1, 2021, NULL, '2021-09-22 10:23:52', 12),
(168, 'Liên Khúc Hờn Anh Giận Em, Lính Dù Lên Điểm', '665.238624.36606245767.LiênKhúcHờnAnhGiậnEm,LínhDùLênĐiểmĐanNguyên,QuốcKhanh,HàThanhXuân.mp3', '665.407239.59882359643.h70SgiZXAVQ.jpg', 'lien-khuc-hon-anh-gian-em-linh-du-len-diem.87e5f089b387', 'Đan Nguyên, Quốc Khanh, Hà Thanh Xuân', 1, 2021, NULL, '2021-09-24 09:42:53', 0),
(169, 'Anh Chẳng Sao ', '781.483949.20020042476.AnhChẳngSao-QuânĐao[OfficialLyricVideo].mp3', '781.732639.2813904986.lnMZ4CAOXdo.jpg', 'anh-chang-sao.d0f0c0a278e7', ' Quân Đao [ Official Lyric Video ]', 2, 2021, NULL, '2021-09-25 03:58:51', 1),
(170, 'Anh Không Tha Thứ ', '583.445300.5255345472.AnhKhôngThaThứ-ĐìnhDũngMVLYRICS.mp3', '583.429714.0139115921.P1mpIG0CJGc.jpg', 'anh-khong-tha-thu.a7cdee82ca34', ' Đình Dũng | MV LYRICS', 4, 2021, NULL, '2021-09-25 04:00:06', 2),
(171, 'CHUYỆN HOA SIM ', '76.308811.61403596285.CHUYỆNHOASIM-ĐANNGUYÊN[OFFICIALMV].mp3', '76.818502.8707892566.1mqVmL9UGws.jpg', 'chuyen-hoa-sim.5b9998739244', ' ĐAN NGUYÊN [OFFICIAL MV]', 1, 2021, NULL, '2021-09-25 04:59:29', 0),
(172, 'Chung Tình ', '280.20902.83218862086.ChungTình-QuânĐao[VideoLyrics].mp3', '280.545645.2046058006.1aeAKBXbLJ0.jpg', 'chung-tinh.8e187f2c1c5f', ' Quân Đao [ Video Lyrics ]', 2, 2021, NULL, '2021-09-25 05:00:02', 0),
(173, 'Chuyện Tình Mộng Thường ', '899.403777.34554628003.ChuyệnTìnhMộngThường-ĐanNguyên&BăngTâm(ASIA61).mp3', '899.196488.6742226027.4f-EUE6xF3U.jpg', 'chuyen-tinh-mong-thuong.13303ebf57db', ' Đan Nguyên & Băng Tâm (ASIA 61)', 1, 2021, NULL, '2021-09-25 05:00:34', 0),
(174, 'Cùng Nhau ', '316.805753.247164519.CùngNhau-QuânĐao[OfficialLyricVideo].mp3', '316.302421.05992919335.ty1nTFDduBE.jpg', 'cung-nhau.b9a6cae4554b', ' Quân Đao [ Official Lyric Video ]', 2, 2021, NULL, '2021-09-25 05:01:44', 2),
(175, 'Lại Nhớ Người Yêu', '663.974640.0039188938.ĐanNguyên-LạiNhớNgườiYêu(GiaoTiên)-ThúyNgaPBN119.mp3', '663.522452.34070005093.0egLVumkhKY.jpg', 'lai-nho-nguoi-yeu.d10142e845a6', 'Đan Nguyên, Giao Tiên', 1, 2021, NULL, '2021-09-25 05:03:11', 1),
(176, 'Đất Khách ', '1.970955.5501158505.ĐấtKhách-QuânĐao[VideoLyrics].mp3', '1.661233.9238261492.yh22vXePCWc.jpg', 'dat-khach.bf7243fc2cdb', ' Quân Đao [ Video Lyrics ]', 2, 2021, NULL, '2021-09-25 05:04:06', 4),
(177, 'ĐỪNG HẸN KIẾP SAU ', '818.484394.5598690237.ĐỪNGHẸNKIẾPSAU-ĐÌNHDŨNGOFFICIALMUSICVIDEO.mp3', '818.547970.7895597658.1qgEfVayp5Q.jpg', 'dung-hen-kiep-sau.34a553963033', ' ĐÌNH DŨNG | OFFICIAL MUSIC VIDEO', 4, 2021, NULL, '2021-09-25 05:05:36', 4),
(178, 'Nhật Bản Chờ Em ', '83.767091.7109333342.NhậtBảnChờEm-LưuĐứcLong[OfficialLyricVideo].mp3', '83.143989.30548260364.MVKMXKARU7M.jpg', 'nhat-ban-cho-em.0e738e6c52f0', ' Lưu Đức Long [ Official Lyric Video ]', 2, 2021, NULL, '2021-09-25 05:13:50', 4),
(179, 'YÊU MỘT NGƯỜI GIAN DỐI ', '917.502527.0276520535.YÊUMỘTNGƯỜIGIANDỐI-NHƯVIỆTOFFICIALMUSICVIDEO.mp3', '917.584060.9056097202.HZXNI58DQgQ.jpg', 'yeu-mot-nguoi-gian-doi.858115918252', ' NHƯ VIỆT', 4, 2021, NULL, '2021-09-25 05:20:30', 4),
(180, 'Ajin Main Theme', '480.314364.7650268499.AjinMainTheme.mp3', '480.104007.28707023658.UnDHBT8kP2Y.jpg', 'ajin-main-theme.8b1aa84d3237', 'Yugo Kanno', 6, 2021, NULL, '2021-09-25 05:40:42', 1),
(181, 'Rule The World', '915.694507.195300093.Ajin｜RuleTheWorld.mp3', '915.945811.1815202428.UdPlsKCJz4s.jpg', 'rule-the-world.7f2b036f903f', 'Unknown', 6, 2021, NULL, '2021-09-25 05:41:34', 4),
(182, 'Nhạc Phim Khí Linh (OST)', '12.752065.0915110147.NhạcPhimKhíLinh(OST).mp3', '12.799226.4215714972.S3u34vPR6XU.jpg', 'nhac-phim-khi-linh-ost.c59b51bd1eda', 'Unknown', 6, 2021, NULL, '2021-09-25 05:43:02', 5),
(183, 'Sai Cách Yêu', '723.927107.9694386718.sai-cach-yeu-le-bao-binh-official-music-video.mp3', '723.30484.60554033848.saicachyeubanner.jpg', 'sai-cach-yeu.05beeeb22919', 'Lê Bảo Bình', 4, 2021, NULL, '2021-09-25 07:32:20', 4),
(184, 'CHUYỆN HOA SIM ', '581.575500.3436393895.CHUYỆNHOASIM-ĐANNGUYÊN[OFFICIALMV].mp3', '581.421638.047072769.1mqVmL9UGws.jpg', 'chuyen-hoa-sim.f88c643b47ac', ' ĐAN NGUYÊN ', 1, 2021, NULL, '2021-09-25 07:33:14', 7),
(185, 'YÊU LÀ CƯỚI', '666.915371.3539251594.YeuLaCuoi-PhatHoX2X-7084519.mp3', '666.26696.993792474503.maxresdefault.jpg', 'yeu-la-cuoi.9bea93595cfc', 'PHÁT HỒ X2X', 4, 2021, NULL, '2021-09-26 09:06:43', 11),
(186, 'Ngày Xuân Thăm Nhau ', '1632836751650.686577.451212729.NgàyXuânThămNhau-ĐanNguyên&HoàngThụcLinh(LiveShowĐanNguyên-NgườiLính&MùaXuân).mp3', '1632836751650.601021.8956110919.ftCW9f6nWV0.jpg', 'ngay-xuan-tham-nhau.6cecefdd6014', ' Người Lính & Mùa Xuân)', 1, 2021, NULL, '2021-09-28 13:45:52', 6),
(187, 'Chung Tình ', '1632915234866.378798.23012451635.ChungTình-QuânĐao[VideoLyrics].mp3', '1632915234865.465409.45079626015.1aeAKBXbLJ0.jpg', 'chung-tinh.944569c19936', ' Quân Đao ', 2, 2021, NULL, '2021-09-29 11:33:57', 9),
(188, 'YÊU MỘT NGƯỜI GIAN DỐI', '1634190519735.662919.0027348953.YÊUMỘTNGƯỜIGIANDỐISE447-Music-App.mp3', '1634190519735.501769.6569318392.download(1).jpeg', 'yeu-mot-nguoi-gian-doi.95a5643dd82e', 'Kei', 4, 2021, NULL, '2021-10-14 05:48:41', 0),
(189, 'YÊU MỘT NGƯỜI GIAN DỐI SE447', '1634190601173.73565.01428012495.YÊUMỘTNGƯỜIGIANDỐISE447-Music-App.mp3', '1634190601172.113212.98131342349.download.jpeg', 'yeu-mot-nguoi-gian-doi-se447.e33943fdb292', 'App', 4, 2021, NULL, '2021-10-14 05:50:01', 0),
(190, 'YÊU MỘT NGƯỜI GIAN DỐI SE447', '1634191058453.484372.91583763243.YÊUMỘTNGƯỜIGIANDỐISE447-Music-App.mp3', '1634191058453.428135.519612046.download.png', 'yeu-mot-nguoi-gian-doi-se447.47df101ea79d', 'App', 4, 2021, NULL, '2021-10-14 05:57:39', 1);

-- --------------------------------------------------------

--
-- Table structure for table `notifications`
--



--
-- Dumping data for table `notifications`
--

INSERT INTO `Notifications` (`id`, `title`, `seen`, `time`, `type`, `thumbnail`, `iconclasses`) VALUES
(7, 'Một người dùng mới vừa đăng ký tài khoản.', 1, '2021-10-15 10:16:12', 'user', 'defaultavatar.png', 'fas fa-user-plus'),
(8, 'Anonymous vừa đăng tải một bài hát mới.', 1, '2021-10-15 10:24:47', 'song', 'defaultsong.png', 'fas fa-music'),
(9, 'Anonymous vừa đăng tải một bài hát mới.', 1, '2021-10-15 12:31:39', 'song', 'defaultsong.png', 'fas fa-music'),
(10, 'Anonymous vừa đăng tải một bài hát mới.', 1, '2021-10-15 13:15:10', 'song', 'defaultsong.png', 'fas fa-music'),
(11, 'Một người dùng mới vừa đăng ký tài khoản.', 1, '2021-10-28 04:42:26', 'user', 'defaultavatar.png', 'fas fa-user-plus'),
(12, 'Một người dùng mới vừa đăng ký tài khoản.', 1, '2021-10-28 05:08:52', 'user', 'defaultavatar.png', 'fas fa-user-plus'),
(13, 'Một người dùng mới vừa đăng ký tài khoản.', 1, '2021-10-28 12:31:41', 'user', 'defaultavatar.png', 'fas fa-question'),
(14, 'Kei vừa đăng tải một bài hát mới.', 1, '2021-10-28 14:13:28', 'song', 'defaultsong.png', 'fas fa-music'),
(15, 'Một người dùng mới vừa đăng ký tài khoản.', 1, '2021-10-29 03:49:31', 'user', 'defaultavatar.png', 'fas fa-question');

-- --------------------------------------------------------

--
-- Table structure for table `notification_seen`
--



-- --------------------------------------------------------

--
-- Table structure for table `resetpassword`
--



-- --------------------------------------------------------

--
-- Table structure for table `user`
--


--
-- Dumping data for table `user`
--




